hour_bucket,calls_mean,male_mean,female_mean,duet_mean
9,4.962121212121212,4.21969696969697,0.7424242424242424,0.5606060606060606
10,4.3283582089552235,3.736318407960199,0.5920398009950248,0.44776119402985076
11,2.927536231884058,2.6956521739130435,0.2318840579710145,0.14492753623188406
